{"fpr": [0.0, 0.0, 0.0, 0.0, 0.004451038575667656, 0.013353115727002967, 0.017804154302670624, 0.02373887240356083, 0.03115727002967359, 0.037091988130563795, 0.04896142433234421, 0.057863501483679525, 0.06973293768545995, 0.0830860534124629, 0.10682492581602374, 0.1201780415430267, 0.14688427299703263, 0.16023738872403562, 0.17804154302670624, 0.19881305637982197, 0.20919881305637983, 0.2344213649851632, 0.2626112759643917, 0.29673590504451036, 0.3249258160237389, 0.3545994065281899, 0.3827893175074184, 0.4065281899109792, 0.4258160237388724, 0.4658753709198813, 0.4896142433234421, 0.5237388724035609, 0.5504451038575667, 0.5786350148367952, 0.5979228486646885, 0.612759643916914, 0.6350148367952523, 0.658753709198813, 0.6795252225519288, 0.6973293768545994, 0.7136498516320475, 0.7225519287833828, 0.7403560830860534, 0.7537091988130564, 0.7744807121661721, 0.7908011869436202, 0.8071216617210683, 0.8293768545994066, 0.8427299703264095, 0.857566765578635, 0.8694362017804155, 0.884272997032641, 0.8916913946587537, 0.8991097922848664, 0.9109792284866469, 0.9243323442136498, 0.93026706231454, 0.9406528189910979, 0.9480712166172107, 0.9584569732937686, 0.9643916913946587, 0.9703264094955489, 0.973293768545994, 0.9777448071216617, 0.983679525222552, 0.9866468842729971, 0.9896142433234422, 0.9925816023738873, 0.9925816023738873, 0.9970326409495549, 0.9970326409495549, 1.0], "tpr": [0.0, 0.0017196904557179708, 0.004299226139294927, 0.012467755803955288, 0.025795356835769563, 0.03955288048151333, 0.058469475494411005, 0.08082545141874463, 0.10791057609630267, 0.13757523645743766, 0.16895958727429064, 0.2003439380911436, 0.23688736027515048, 0.2717110920034394, 0.30266552020636284, 0.3357695614789338, 0.3684436801375752, 0.39552880481513325, 0.4282029234737747, 0.4591573516766982, 0.4931212381771281, 0.5249355116079105, 0.5571797076526225, 0.5842648323301806, 0.6109200343938092, 0.641444539982803, 0.6655202063628547, 0.6934651762682718, 0.7179707652622528, 0.7377472055030094, 0.7562338779019776, 0.7807394668959587, 0.797506448839209, 0.8168529664660361, 0.8310404127257094, 0.8426483233018057, 0.8572656921754084, 0.8723129836629406, 0.8843508168529665, 0.9002579535683577, 0.9105760963026656, 0.9165950128976784, 0.9234737747205503, 0.9320722269991402, 0.94067067927773, 0.944969905417025, 0.9505588993981083, 0.9570077386070507, 0.9621668099742047, 0.9647463456577816, 0.9716251074806534, 0.9750644883920895, 0.9806534823731728, 0.9832330180567498, 0.9845227858985383, 0.9858125537403267, 0.9871023215821152, 0.9892519346517626, 0.9914015477214101, 0.9922613929492692, 0.9926913155631987, 0.9944110060189166, 0.9957007738607051, 0.9961306964746346, 0.9965606190885641, 0.9965606190885641, 0.9974204643164231, 0.9974204643164231, 0.998280309544282, 0.9987102321582115, 1.0, 1.0], "precision": [0.7753333333333333, 0.7755918639546515, 0.7758505670446965, 0.7757757757757757, 0.7757009345794392, 0.7756260434056761, 0.7763289869608826, 0.7761793241886918, 0.7766990291262136, 0.7770700636942676, 0.7773306505700872, 0.7775914122777592, 0.7785618279569892, 0.7792732166890982, 0.7795753286147624, 0.7803311929705982, 0.7813134732566012, 0.7830220713073005, 0.7839863713798978, 0.7854943551146083, 0.7863511659807956, 0.7885674931129476, 0.7905288627722088, 0.7914642609299097, 0.7918994413407822, 0.7940969782150387, 0.7951807228915663, 0.797576621525303, 0.7992818671454219, 0.802540834845735, 0.80483339436104, 0.8073800738007381, 0.8101644245142003, 0.8114846996599925, 0.8140511645666285, 0.8149288187764525, 0.8166926677067082, 0.8178926441351889, 0.8204609785685403, 0.8232865400495458, 0.8259587020648967, 0.8274828767123288, 0.8296943231441049, 0.8333333333333334, 0.8372521899492854, 0.8420296792723792, 0.8453201970443349, 0.85334695963209, 0.8547959724430313, 0.8571428571428571, 0.8619295205083767, 0.8664634146341463, 0.8717126363053239, 0.879837067209776, 0.8854242204496011, 0.890527950310559, 0.8885191347753744, 0.8924731182795699, 0.8949416342412452, 0.8964435146443515, 0.9060324825986079, 0.9072164948453608, 0.9186046511627907, 0.9214046822742475, 0.9227722772277228, 0.9225352112676056, 0.927536231884058, 0.9227941176470589, 0.9215686274509803, 0.918918918918919, 0.9108910891089109, 0.9523809523809523, 1.0, 1.0, 1.0, 1.0], "recall": [1.0, 1.0, 1.0, 0.9995700773860705, 0.999140154772141, 0.9987102321582115, 0.998280309544282, 0.9974204643164231, 0.9974204643164231, 0.9965606190885641, 0.9965606190885641, 0.9965606190885641, 0.9961306964746346, 0.9957007738607051, 0.9944110060189166, 0.9926913155631987, 0.9922613929492692, 0.9914015477214101, 0.9892519346517626, 0.9871023215821152, 0.9858125537403267, 0.9845227858985383, 0.9832330180567498, 0.9806534823731728, 0.9750644883920895, 0.9716251074806534, 0.9647463456577816, 0.9621668099742047, 0.9570077386070507, 0.9505588993981083, 0.944969905417025, 0.94067067927773, 0.9320722269991402, 0.9234737747205503, 0.9165950128976784, 0.9105760963026656, 0.9002579535683577, 0.8843508168529665, 0.8723129836629406, 0.8572656921754084, 0.8426483233018057, 0.8310404127257094, 0.8168529664660361, 0.797506448839209, 0.7807394668959587, 0.7562338779019776, 0.7377472055030094, 0.7179707652622528, 0.6934651762682718, 0.6655202063628547, 0.641444539982803, 0.6109200343938092, 0.5842648323301806, 0.5571797076526225, 0.5249355116079105, 0.4931212381771281, 0.4591573516766982, 0.4282029234737747, 0.39552880481513325, 0.3684436801375752, 0.3357695614789338, 0.30266552020636284, 0.2717110920034394, 0.23688736027515048, 0.2003439380911436, 0.16895958727429064, 0.13757523645743766, 0.10791057609630267, 0.08082545141874463, 0.058469475494411005, 0.03955288048151333, 0.025795356835769563, 0.012467755803955288, 0.004299226139294927, 0.0017196904557179708, 0.0], "auc_lr": 0.7406067649662824, "auc_rf": 0.6997137251199828, "gini_lr": 0.48121352993256483, "gini_rf": 0.3994274502399655}